"","Hs","Ht","Gst_est","Gprime_st","D_het","D_mean"
"1",0.459485987758107,0.50126168361366,0.0833410915320445,0.174142212844977,0.0883300919587993,0.0286770020613148
